{
  "$id": "1500490972485553031",
  "$schema": "https://schema.yext.com/config/platform/role/v1",
  "name": "Reviews Only - Servicing",
  "description": "Reviews Only user role permissions with ability to apply labels.",
  "permissionIds": [
    11257,
    117,
    24,
    263,
    268,
    295,
    296,
    308,
    310,
    366,
    367,
    368,
    369,
    370,
    371,
    372,
    373,
    374,
    375,
    381,
    5,
    502,
    503,
    504,
    512,
    522,
    523,
    524,
    553,
    554,
    6,
    605
  ],
  "availableToSubAccounts": false
}