{
  "$id": "c_cta",
  "$schema": "https://schema.yext.com/config/km/field-type/v1",
  "displayName": "CTA",
  "type": {
    "structType": {
      "property": [
        {
          "name": "text",
          "displayName": "Text",
          "isRequired": false,
          "typeId": "string",
          "type": {
            "stringType": {
              "stereotype": "SIMPLE",
              "maxLength": 100000
            }
          }
        },
        {
          "name": "url",
          "displayName": "URL",
          "isRequired": false,
          "typeId": "string",
          "type": {
            "stringType": {
              "stereotype": "URL",
              "maxLength": 2000
            }
          }
        },
        {
          "name": "icon",
          "displayName": "Icon",
          "isRequired": false,
          "typeId": "option",
          "type": {
            "optionType": {
              "option": [
                {
                  "displayName": "briefcase",
                  "textValue": "briefcase"
                },
                {
                  "displayName": "calendar",
                  "textValue": "calendar"
                },
                {
                  "displayName": "callout",
                  "textValue": "callout"
                },
                {
                  "displayName": "chevron",
                  "textValue": "chevron"
                },
                {
                  "displayName": "close",
                  "textValue": "close"
                },
                {
                  "displayName": "directions",
                  "textValue": "directions"
                },
                {
                  "displayName": "document",
                  "textValue": "document"
                },
                {
                  "displayName": "gear",
                  "textValue": "gear"
                },
                {
                  "displayName": "info",
                  "textValue": "info"
                },
                {
                  "displayName": "kabob",
                  "textValue": "kabob"
                },
                {
                  "displayName": "light bulb",
                  "textValue": "light bulb"
                },
                {
                  "displayName": "link",
                  "textValue": "link"
                },
                {
                  "displayName": "magnifying glass",
                  "textValue": "magnifying glass"
                },
                {
                  "displayName": "mic",
                  "textValue": "mic"
                },
                {
                  "displayName": "office",
                  "textValue": "office"
                },
                {
                  "displayName": "pantheon",
                  "textValue": "pantheon"
                },
                {
                  "displayName": "person",
                  "textValue": "person"
                },
                {
                  "displayName": "phone",
                  "textValue": "phone"
                },
                {
                  "displayName": "pin",
                  "textValue": "pin"
                },
                {
                  "displayName": "receipt",
                  "textValue": "receipt"
                },
                {
                  "displayName": "star",
                  "textValue": "star"
                },
                {
                  "displayName": "support",
                  "textValue": "support"
                },
                {
                  "displayName": "tag",
                  "textValue": "tag"
                },
                {
                  "displayName": "thumb",
                  "textValue": "thumb"
                },
                {
                  "displayName": "windows",
                  "textValue": "windows"
                },
                {
                  "displayName": "yext",
                  "textValue": "yext"
                }
              ]
            }
          }
        }
      ]
    }
  }
}