{
  "$id": "corridor-purifier-hazard-4e936",
  "$schema": "https://schema.yext.com/config/pages/site-config/v1",
  "siteName": "Gateway Answers",
  "repoConfig": {
    "targetRepoName": "${{gatewayAnswers_targetRepo}}"
  },
  "domain": "answers-gatewayfirst.pagescdn.com",
  "publishingConfig": {
    "pinnedStagingBranchName": "refs/heads/build",
    "pinnedProductionBranchName": "refs/tags/build-2020-04-14-18",
    "stagingCredentials": {
      "username": "test",
      "password": "test"
    }
  },
  "features": []
}