{
  "$id": "ce_location",
  "$schema": "https://schema.yext.com/config/km/field-presentation/v1",
  "entityType": "location",
  "displayName": "Location",
  "presentationEntries": [
    {
      "displayName": "Content",
      "displayNameTranslations": [
        {
          "localeCode": "it",
          "value": "Contenuti"
        },
        {
          "localeCode": "pl",
          "value": "Treść"
        },
        {
          "localeCode": "ro",
          "value": "Conținut"
        },
        {
          "localeCode": "sv",
          "value": "Innehåll"
        },
        {
          "localeCode": "da",
          "value": "Indhold"
        },
        {
          "localeCode": "tr",
          "value": "İçerik"
        },
        {
          "localeCode": "fr",
          "value": "Contenu"
        },
        {
          "localeCode": "ja",
          "value": "コンテンツ"
        },
        {
          "localeCode": "cs",
          "value": "Obsah"
        },
        {
          "localeCode": "de",
          "value": "Inhalt"
        },
        {
          "localeCode": "hu",
          "value": "Tartalom"
        },
        {
          "localeCode": "fi",
          "value": "Sisältö"
        },
        {
          "localeCode": "hr",
          "value": "Sadržaj"
        },
        {
          "localeCode": "et",
          "value": "Sisu"
        },
        {
          "localeCode": "lt",
          "value": "Turinys"
        },
        {
          "localeCode": "lv",
          "value": "Saturs"
        },
        {
          "localeCode": "sk",
          "value": "Obsah"
        },
        {
          "localeCode": "es",
          "value": "Contenido"
        },
        {
          "localeCode": "nl",
          "value": "Inhoud"
        },
        {
          "localeCode": "pt",
          "value": "Conteúdo"
        }
      ],
      "entryType": "DIVIDER"
    },
    {
      "displayName": "Core Information",
      "displayNameTranslations": [
        {
          "localeCode": "it",
          "value": "Informazioni essenziali"
        },
        {
          "localeCode": "pl",
          "value": "Informacje podstawowe"
        },
        {
          "localeCode": "ro",
          "value": "Informații de bază"
        },
        {
          "localeCode": "sv",
          "value": "Huvudinformation"
        },
        {
          "localeCode": "da",
          "value": "Kerneoplysninger"
        },
        {
          "localeCode": "tr",
          "value": "Temel Bilgiler"
        },
        {
          "localeCode": "fr",
          "value": "Informations principales"
        },
        {
          "localeCode": "ja",
          "value": "基本情報"
        },
        {
          "localeCode": "cs",
          "value": "Klíčové informace"
        },
        {
          "localeCode": "de",
          "value": "Grundlegende Informationen"
        },
        {
          "localeCode": "hu",
          "value": "Alapadatok"
        },
        {
          "localeCode": "fi",
          "value": "Keskeiset tiedot"
        },
        {
          "localeCode": "hr",
          "value": "Osnovne informacije"
        },
        {
          "localeCode": "et",
          "value": "Põhiteave"
        },
        {
          "localeCode": "lt",
          "value": "Pagrindinė informacija"
        },
        {
          "localeCode": "lv",
          "value": "Pamatinformācija"
        },
        {
          "localeCode": "sk",
          "value": "Základné informácie"
        },
        {
          "localeCode": "es",
          "value": "Información principal"
        },
        {
          "localeCode": "nl",
          "value": "Kerninformatie"
        },
        {
          "localeCode": "pt",
          "value": "Informação principal"
        }
      ],
      "entryType": "SECTION",
      "fields": [
        {
          "id": "name",
          "visibleOnAdd": true
        },
        {
          "id": "categories",
          "visibleOnAdd": true
        },
        {
          "id": "address",
          "visibleOnAdd": true
        },
        {
          "id": "addressHidden"
        },
        {
          "id": "serviceAreaPlaces"
        },
        {
          "id": "mainPhone",
          "visibleOnAdd": true
        },
        {
          "id": "featuredMessage",
          "visibleOnAdd": true
        },
        {
          "id": "entityId",
          "visibleOnAdd": true
        }
      ]
    },
    {
      "displayName": "Business Details",
      "displayNameTranslations": [
        {
          "localeCode": "it",
          "value": "Dettagli azienda"
        },
        {
          "localeCode": "pl",
          "value": "Szczegółowe informacje o firmie"
        },
        {
          "localeCode": "ro",
          "value": "Detalii firmă"
        },
        {
          "localeCode": "sv",
          "value": "Företagsinformation"
        },
        {
          "localeCode": "da",
          "value": "Virksomhedsoplysninger"
        },
        {
          "localeCode": "tr",
          "value": "İşletme Ayrıntıları"
        },
        {
          "localeCode": "fr",
          "value": "Détails de l\u0027entreprise"
        },
        {
          "localeCode": "ja",
          "value": "ビジネスの詳細"
        },
        {
          "localeCode": "cs",
          "value": "Podrobnosti o podniku"
        },
        {
          "localeCode": "de",
          "value": "Unternehmensdetails"
        },
        {
          "localeCode": "hu",
          "value": "Vállalkozás részletei"
        },
        {
          "localeCode": "fi",
          "value": "Yrityksen tiedot"
        },
        {
          "localeCode": "hr",
          "value": "Podatci o poduzeću"
        },
        {
          "localeCode": "et",
          "value": "Ettevõtte andmed"
        },
        {
          "localeCode": "lt",
          "value": "Verslo įmonės informacija"
        },
        {
          "localeCode": "lv",
          "value": "Uzņēmuma informācija"
        },
        {
          "localeCode": "sk",
          "value": "Podrobnosti o podniku"
        },
        {
          "localeCode": "es",
          "value": "Detalles del negocio"
        },
        {
          "localeCode": "nl",
          "value": "Bedrijfsgegevens"
        },
        {
          "localeCode": "pt",
          "value": "Detalhes da empresa"
        }
      ],
      "entryType": "SECTION",
      "fields": [
        {
          "id": "description"
        },
        {
          "id": "hours"
        },
        {
          "id": "additionalHoursText"
        },
        {
          "id": "paymentOptions"
        },
        {
          "id": "priceRange"
        },
        {
          "id": "geomodifier"
        },
        {
          "id": "impressum"
        },
        {
          "id": "pickupAndDeliveryServices"
        },
        {
          "id": "neighborhood"
        },
        {
          "id": "blackOwnedBusiness"
        }
      ]
    },
    {
      "displayName": "Contact, Websites, and Apps",
      "displayNameTranslations": [
        {
          "localeCode": "it",
          "value": "Contatti, siti web e app"
        },
        {
          "localeCode": "pl",
          "value": "Kontakt, witryny internetowe i aplikacje"
        },
        {
          "localeCode": "ro",
          "value": "Contact, site-uri web și aplicații"
        },
        {
          "localeCode": "sv",
          "value": "Kontakt, webbplatser och appar"
        },
        {
          "localeCode": "da",
          "value": "Kontakt, websteder og apps"
        },
        {
          "localeCode": "tr",
          "value": "İletişim, Web Siteleri ve Uygulamalar"
        },
        {
          "localeCode": "fr",
          "value": "Contacts, sites Internet et applications"
        },
        {
          "localeCode": "ja",
          "value": "連絡先、ウェブサイト、アプリ"
        },
        {
          "localeCode": "cs",
          "value": "Kontakt, webové stránky a aplikace"
        },
        {
          "localeCode": "de",
          "value": "Kontakt, Websites und Apps"
        },
        {
          "localeCode": "hu",
          "value": "Kapcsolat, webhelyek és alkalmazások"
        },
        {
          "localeCode": "fi",
          "value": "Yhteystiedot, verkkosivustot ja sovellukset"
        },
        {
          "localeCode": "hr",
          "value": "Kontakt, mrežna mjesta i aplikacije"
        },
        {
          "localeCode": "en",
          "value": "Contact, Websites and Apps"
        },
        {
          "localeCode": "et",
          "value": "Kontakt, veebilehed ja rakendused"
        },
        {
          "localeCode": "lt",
          "value": "Kontaktinė informacija, svetainės ir programėlės"
        },
        {
          "localeCode": "lv",
          "value": "Kontaktpersona, tīmekļa vietnes un lietotnes"
        },
        {
          "localeCode": "sk",
          "value": "Kontakt, webové stránky a aplikácie"
        },
        {
          "localeCode": "es",
          "value": "Contacto, sitios web y apps"
        },
        {
          "localeCode": "nl",
          "value": "Contact, websites en apps"
        },
        {
          "localeCode": "pt",
          "value": "Contacto, websites e aplicações"
        }
      ],
      "entryType": "SECTION",
      "fields": [
        {
          "id": "emails"
        },
        {
          "id": "menuUrl"
        },
        {
          "id": "orderUrl"
        },
        {
          "id": "reservationUrl"
        },
        {
          "id": "websiteUrl"
        },
        {
          "id": "localPhone"
        },
        {
          "id": "alternatePhone"
        },
        {
          "id": "tollFreePhone"
        },
        {
          "id": "mobilePhone"
        },
        {
          "id": "fax"
        },
        {
          "id": "ttyPhone"
        },
        {
          "id": "iosAppUrl"
        },
        {
          "id": "androidAppUrl"
        }
      ]
    },
    {
      "displayName": "Media",
      "displayNameTranslations": [
        {
          "localeCode": "ro",
          "value": "Mass-media"
        },
        {
          "localeCode": "da",
          "value": "Medie"
        },
        {
          "localeCode": "tr",
          "value": "Medya"
        },
        {
          "localeCode": "fr",
          "value": "Médias"
        },
        {
          "localeCode": "ja",
          "value": "メディア"
        },
        {
          "localeCode": "cs",
          "value": "Média"
        },
        {
          "localeCode": "de",
          "value": "Medium"
        },
        {
          "localeCode": "hu",
          "value": "Média"
        },
        {
          "localeCode": "hr",
          "value": "Mediji"
        },
        {
          "localeCode": "et",
          "value": "Meedia"
        },
        {
          "localeCode": "lt",
          "value": "Medija"
        },
        {
          "localeCode": "lv",
          "value": "Mediji"
        },
        {
          "localeCode": "sk",
          "value": "Médiá"
        },
        {
          "localeCode": "es",
          "value": "Multimedia"
        },
        {
          "localeCode": "pt",
          "value": "Meios de comunicação"
        }
      ],
      "entryType": "SECTION",
      "fields": [
        {
          "id": "logo"
        },
        {
          "id": "photoGallery"
        },
        {
          "id": "videos"
        }
      ]
    },
    {
      "displayName": "Social Media",
      "displayNameTranslations": [
        {
          "localeCode": "it",
          "value": "Social media"
        },
        {
          "localeCode": "pl",
          "value": "Serwisy społecznościowe"
        },
        {
          "localeCode": "ro",
          "value": "Rețele de socializare"
        },
        {
          "localeCode": "sv",
          "value": "Social media"
        },
        {
          "localeCode": "da",
          "value": "Sociale medier"
        },
        {
          "localeCode": "tr",
          "value": "Sosyal Medya"
        },
        {
          "localeCode": "fr",
          "value": "Réseaux sociaux"
        },
        {
          "localeCode": "ja",
          "value": "ソーシャルメディア"
        },
        {
          "localeCode": "cs",
          "value": "Sociální sítě"
        },
        {
          "localeCode": "hu",
          "value": "Közösségi média"
        },
        {
          "localeCode": "fi",
          "value": "Sosiaalinen media"
        },
        {
          "localeCode": "hr",
          "value": "Društveni mediji"
        },
        {
          "localeCode": "et",
          "value": "Sotsiaalmeedia"
        },
        {
          "localeCode": "lt",
          "value": "Socialiniai tinklai"
        },
        {
          "localeCode": "lv",
          "value": "Sociālie tīkli"
        },
        {
          "localeCode": "sk",
          "value": "Sociálne siete"
        },
        {
          "localeCode": "es",
          "value": "Redes sociales"
        },
        {
          "localeCode": "nl",
          "value": "Sociale Media"
        },
        {
          "localeCode": "pt",
          "value": "Redes sociais"
        }
      ],
      "entryType": "SECTION",
      "fields": [
        {
          "id": "twitterHandle"
        },
        {
          "id": "facebookPageUrl"
        },
        {
          "id": "instagramHandle"
        }
      ]
    },
    {
      "displayName": "Additional Attributes",
      "displayNameTranslations": [
        {
          "localeCode": "it",
          "value": "Attributi aggiuntivi"
        },
        {
          "localeCode": "pl",
          "value": "Dodatkowe atrybuty"
        },
        {
          "localeCode": "ro",
          "value": "Atribute suplimentare"
        },
        {
          "localeCode": "sv",
          "value": "Tillkommande attribut"
        },
        {
          "localeCode": "da",
          "value": "Yderligere attributter"
        },
        {
          "localeCode": "tr",
          "value": "Ek Özellikler"
        },
        {
          "localeCode": "fr",
          "value": "Caractéristiques supplémentaires"
        },
        {
          "localeCode": "ja",
          "value": "追加属性"
        },
        {
          "localeCode": "cs",
          "value": "Další atributy"
        },
        {
          "localeCode": "de",
          "value": "Weitere Attribute"
        },
        {
          "localeCode": "hu",
          "value": "További attribútumok"
        },
        {
          "localeCode": "fi",
          "value": "Lisämääreet"
        },
        {
          "localeCode": "hr",
          "value": "Dodatni atributi"
        },
        {
          "localeCode": "et",
          "value": "Lisaatribuudid"
        },
        {
          "localeCode": "lt",
          "value": "Papildomi požymiai"
        },
        {
          "localeCode": "lv",
          "value": "Papildu atribūti"
        },
        {
          "localeCode": "sk",
          "value": "Dodatočné vlastnosti"
        },
        {
          "localeCode": "es",
          "value": "Atributos adicionales"
        },
        {
          "localeCode": "nl",
          "value": "Aanvullende eigenschappen"
        },
        {
          "localeCode": "pt",
          "value": "Atributos adicionais"
        }
      ],
      "entryType": "SECTION",
      "fields": [
        {
          "id": "yearEstablished"
        },
        {
          "id": "products"
        },
        {
          "id": "services"
        },
        {
          "id": "specialities"
        },
        {
          "id": "associations"
        },
        {
          "id": "brands"
        },
        {
          "id": "languages"
        },
        {
          "id": "keywords"
        }
      ]
    },
    {
      "displayName": "Landing Pages",
      "displayNameTranslations": [
        {
          "localeCode": "it",
          "value": "Landing Page"
        },
        {
          "localeCode": "pl",
          "value": "Strony docelowe"
        },
        {
          "localeCode": "ro",
          "value": "Pagini destinație"
        },
        {
          "localeCode": "da",
          "value": "Landingssider"
        },
        {
          "localeCode": "tr",
          "value": "Açılış Sayfaları"
        },
        {
          "localeCode": "fr",
          "value": "Landing pages"
        },
        {
          "localeCode": "ja",
          "value": "ランディングページ"
        },
        {
          "localeCode": "cs",
          "value": "Úvodní stránky"
        },
        {
          "localeCode": "de",
          "value": "Landingpages"
        },
        {
          "localeCode": "hu",
          "value": "Kezdőlapok"
        },
        {
          "localeCode": "hr",
          "value": "Odredišne stranice"
        },
        {
          "localeCode": "lt",
          "value": "Nukreipimo puslapiai"
        },
        {
          "localeCode": "nl",
          "value": "Landingspagina\u0027s"
        },
        {
          "localeCode": "pt",
          "value": "Páginas iniciais"
        }
      ],
      "entryType": "SECTION",
      "fields": [
        {
          "id": "landingPageUrl"
        }
      ]
    },
    {
      "displayName": "Publisher Specific",
      "displayNameTranslations": [
        {
          "localeCode": "it",
          "value": "Specifico per publisher"
        },
        {
          "localeCode": "pl",
          "value": "Informacje właściwe dla danego serwisu internetowego"
        },
        {
          "localeCode": "ro",
          "value": "Specific editorului"
        },
        {
          "localeCode": "sv",
          "value": "Utgivarspecifik"
        },
        {
          "localeCode": "da",
          "value": "Udgiverspecifik"
        },
        {
          "localeCode": "tr",
          "value": "Yayıncıya Özel"
        },
        {
          "localeCode": "fr",
          "value": "Spécifique à l\u0027annuaire"
        },
        {
          "localeCode": "ja",
          "value": "パブリッシャー固有"
        },
        {
          "localeCode": "cs",
          "value": "Pro konkrétní vydavatele"
        },
        {
          "localeCode": "de",
          "value": "Publisher-spezifisch"
        },
        {
          "localeCode": "hu",
          "value": "Tudakozóspecifikus"
        },
        {
          "localeCode": "fi",
          "value": "Julkaisusivustokohtainen"
        },
        {
          "localeCode": "hr",
          "value": "Svojstveno za izdavača"
        },
        {
          "localeCode": "et",
          "value": "Avaldajaspetsiifiline"
        },
        {
          "localeCode": "lt",
          "value": "Leidėjui būdinga"
        },
        {
          "localeCode": "lv",
          "value": "Izdevējam raksturīgs"
        },
        {
          "localeCode": "sk",
          "value": "Vzťahujúce sa na zverejňovateľa"
        },
        {
          "localeCode": "es",
          "value": "Específico del medio digital"
        },
        {
          "localeCode": "nl",
          "value": "Specifiek voor uitgever"
        },
        {
          "localeCode": "pt",
          "value": "Específicas do editor"
        }
      ],
      "entryType": "DIVIDER"
    },
    {
      "displayName": "Google My Business Fields",
      "displayNameTranslations": [
        {
          "localeCode": "it",
          "value": "Campi Google My Business"
        },
        {
          "localeCode": "pl",
          "value": "Pola w usłudze Google Moja Firma"
        },
        {
          "localeCode": "ro",
          "value": "Câmpuri Google My Business"
        },
        {
          "localeCode": "sv",
          "value": "Google My Business-fält"
        },
        {
          "localeCode": "da",
          "value": "Google My Business-felter"
        },
        {
          "localeCode": "tr",
          "value": "Google İşletmem Alanları"
        },
        {
          "localeCode": "fr",
          "value": "Champs Google My Business"
        },
        {
          "localeCode": "ja",
          "value": "Googleマイビジネスの項目"
        },
        {
          "localeCode": "cs",
          "value": "Pole Moje firma na Googlu"
        },
        {
          "localeCode": "de",
          "value": "Google My Business-Felder"
        },
        {
          "localeCode": "hu",
          "value": "Google My Business mezők"
        },
        {
          "localeCode": "fi",
          "value": "Google My Business -kentät"
        },
        {
          "localeCode": "hr",
          "value": "Polja za uslugu Google My Business"
        },
        {
          "localeCode": "et",
          "value": "Google My Businessi väljad"
        },
        {
          "localeCode": "lt",
          "value": "„Google My Business“ laukeliai"
        },
        {
          "localeCode": "lv",
          "value": "Google My Business lauki"
        },
        {
          "localeCode": "sk",
          "value": "Polia služby Google My Business"
        },
        {
          "localeCode": "es",
          "value": "Campos de Google My Business"
        },
        {
          "localeCode": "nl",
          "value": "Velden voor Google Mijn Bedrijf"
        },
        {
          "localeCode": "pt",
          "value": "Campos do Google My Business"
        }
      ],
      "entryType": "SECTION",
      "fields": [
        {
          "id": "googleShortName"
        },
        {
          "id": "googleCoverPhoto"
        },
        {
          "id": "googleProfilePhoto"
        },
        {
          "id": "googlePlaceId"
        },
        {
          "id": "googleMyBusinessLabels"
        }
      ]
    },
    {
      "displayName": "Google My Business Attributes",
      "displayNameTranslations": [
        {
          "localeCode": "it",
          "value": "Attributi di Google My Business"
        },
        {
          "localeCode": "pl",
          "value": "Atrybuty w usłudze Google Moja Firma"
        },
        {
          "localeCode": "ro",
          "value": "Atribute Google My Business"
        },
        {
          "localeCode": "sv",
          "value": "Google My Business-attribut"
        },
        {
          "localeCode": "da",
          "value": "Google My Business-attributter"
        },
        {
          "localeCode": "tr",
          "value": "Google İşletmem Özellikleri"
        },
        {
          "localeCode": "fr",
          "value": "Caractéristiques Google My Business"
        },
        {
          "localeCode": "ja",
          "value": "Googleマイビジネスの属性"
        },
        {
          "localeCode": "cs",
          "value": "Atributy ve službě Moje firma na Googlu"
        },
        {
          "localeCode": "de",
          "value": "Google My Business-Attribute"
        },
        {
          "localeCode": "hu",
          "value": "Google My Business jellemzők"
        },
        {
          "localeCode": "fi",
          "value": "Google My Business -määreet"
        },
        {
          "localeCode": "hr",
          "value": "Atributi usluge Google My Business"
        },
        {
          "localeCode": "et",
          "value": "Google My Businessi atribuudid"
        },
        {
          "localeCode": "lt",
          "value": "„Google My Business“ atributai"
        },
        {
          "localeCode": "lv",
          "value": "Google My Business atribūti"
        },
        {
          "localeCode": "sk",
          "value": "Atribúty služby Google My Business"
        },
        {
          "localeCode": "es",
          "value": "Atributos de Google My Business"
        },
        {
          "localeCode": "nl",
          "value": "Attributen voor Google Mijn Bedrijf"
        },
        {
          "localeCode": "pt",
          "value": "Atributos do Google My Business"
        }
      ],
      "entryType": "SECTION",
      "fields": [
        {
          "id": "googleAttributes"
        }
      ]
    },
    {
      "displayName": "Facebook Fields",
      "displayNameTranslations": [
        {
          "localeCode": "it",
          "value": "Campi Facebook"
        },
        {
          "localeCode": "pl",
          "value": "Pola serwisu Facebook"
        },
        {
          "localeCode": "ro",
          "value": "Câmpuri Facebook"
        },
        {
          "localeCode": "sv",
          "value": "Facebook-fält"
        },
        {
          "localeCode": "da",
          "value": "Facebook-felter"
        },
        {
          "localeCode": "tr",
          "value": "Facebook Alanları"
        },
        {
          "localeCode": "fr",
          "value": "Champs Facebook"
        },
        {
          "localeCode": "ja",
          "value": "Facebookのフィールド"
        },
        {
          "localeCode": "cs",
          "value": "Pole na Facebooku"
        },
        {
          "localeCode": "de",
          "value": "Facebook-Felder"
        },
        {
          "localeCode": "hu",
          "value": "Facebook mezők"
        },
        {
          "localeCode": "fi",
          "value": "Facebook-kentät"
        },
        {
          "localeCode": "hr",
          "value": "Polja za društvenu mrežu Facebook"
        },
        {
          "localeCode": "et",
          "value": "Facebooki väljad"
        },
        {
          "localeCode": "lt",
          "value": "„Facebook“ laukeliai"
        },
        {
          "localeCode": "lv",
          "value": "Facebook lauki"
        },
        {
          "localeCode": "sk",
          "value": "Polia služby Facebook"
        },
        {
          "localeCode": "es",
          "value": "Campos de Facebook"
        },
        {
          "localeCode": "nl",
          "value": "Facebook-velden"
        },
        {
          "localeCode": "pt",
          "value": "Campos do Facebook"
        }
      ],
      "entryType": "SECTION",
      "fields": [
        {
          "id": "facebookCoverPhoto"
        },
        {
          "id": "facebookProfilePhoto"
        },
        {
          "id": "facebookCallToAction"
        },
        {
          "id": "facebookOverrideCity"
        },
        {
          "id": "facebookName"
        },
        {
          "id": "facebookDescriptor"
        },
        {
          "id": "facebookVanityUrl"
        },
        {
          "id": "facebookStoreId"
        },
        {
          "id": "facebookAbout"
        }
      ]
    },
    {
      "displayName": "Uber",
      "displayNameTranslations": [
        {
          "localeCode": "lt",
          "value": "„Uber“"
        }
      ],
      "entryType": "SECTION",
      "fields": [
        {
          "id": "uberLink"
        },
        {
          "id": "uberTripBranding"
        },
        {
          "id": "uberClientId"
        }
      ]
    },
    {
      "displayName": "Other",
      "displayNameTranslations": [
        {
          "localeCode": "it",
          "value": "Altro"
        },
        {
          "localeCode": "pl",
          "value": "Inne"
        },
        {
          "localeCode": "ro",
          "value": "Altele"
        },
        {
          "localeCode": "sv",
          "value": "Annan"
        },
        {
          "localeCode": "da",
          "value": "Andet"
        },
        {
          "localeCode": "tr",
          "value": "Diğer"
        },
        {
          "localeCode": "fr",
          "value": "Autre"
        },
        {
          "localeCode": "ja",
          "value": "その他"
        },
        {
          "localeCode": "cs",
          "value": "Jiné"
        },
        {
          "localeCode": "de",
          "value": "Sonstige"
        },
        {
          "localeCode": "hu",
          "value": "Egyéb"
        },
        {
          "localeCode": "fi",
          "value": "Muu"
        },
        {
          "localeCode": "hr",
          "value": "Drugo"
        },
        {
          "localeCode": "et",
          "value": "Muu"
        },
        {
          "localeCode": "lt",
          "value": "Kita"
        },
        {
          "localeCode": "lv",
          "value": "Cits"
        },
        {
          "localeCode": "sk",
          "value": "Iné"
        },
        {
          "localeCode": "es",
          "value": "Otro"
        },
        {
          "localeCode": "nl",
          "value": "Overig"
        },
        {
          "localeCode": "pt",
          "value": "Outro"
        }
      ],
      "entryType": "DIVIDER"
    },
    {
      "displayName": "Custom Fields",
      "displayNameTranslations": [
        {
          "localeCode": "it",
          "value": "Campi personalizzati"
        },
        {
          "localeCode": "pl",
          "value": "Pola niestandardowe"
        },
        {
          "localeCode": "ro",
          "value": "Câmpuri personalizate"
        },
        {
          "localeCode": "sv",
          "value": "Specialfält"
        },
        {
          "localeCode": "da",
          "value": "Tilpasningsfelter"
        },
        {
          "localeCode": "tr",
          "value": "Özel Alanlar"
        },
        {
          "localeCode": "fr",
          "value": "Champs personnalisés"
        },
        {
          "localeCode": "ja",
          "value": "カスタムフィールド"
        },
        {
          "localeCode": "cs",
          "value": "Vlastní pole"
        },
        {
          "localeCode": "de",
          "value": "Benutzerdefinierte Felder"
        },
        {
          "localeCode": "hu",
          "value": "Egyéni mezők"
        },
        {
          "localeCode": "fi",
          "value": "Mukautetut kentät"
        },
        {
          "localeCode": "hr",
          "value": "Prilagođena polja"
        },
        {
          "localeCode": "et",
          "value": "Kohandatud väljad"
        },
        {
          "localeCode": "lt",
          "value": "Kliento verslo vietos laukeliai"
        },
        {
          "localeCode": "lv",
          "value": "Pielāgotie lauki"
        },
        {
          "localeCode": "sk",
          "value": "Vlastné polia"
        },
        {
          "localeCode": "es",
          "value": "Campos personalizados"
        },
        {
          "localeCode": "nl",
          "value": "Aangepaste velden"
        },
        {
          "localeCode": "pt",
          "value": "Campos personalizados"
        }
      ],
      "entryType": "SECTION",
      "fields": [
        {
          "id": "c_nMLS"
        },
        {
          "id": "c_title"
        }
      ]
    },
    {
      "displayName": "Answers",
      "entryType": "SECTION",
      "fields": [
        {
          "id": "c_activeOnAnswers"
        },
        {
          "id": "c_answersFirstName"
        },
        {
          "id": "c_answersLastName"
        },
        {
          "id": "c_answersKeywords"
        },
        {
          "id": "c_answersName"
        },
        {
          "id": "c_ctas"
        },
        {
          "id": "c_relatedLoanOfficers"
        },
        {
          "id": "c_relatedLocation"
        }
      ]
    },
    {
      "displayName": "Internal Use Only",
      "displayNameTranslations": [
        {
          "localeCode": "it",
          "value": "Solo per uso interno"
        },
        {
          "localeCode": "pl",
          "value": "Do użytku wewnętrznego"
        },
        {
          "localeCode": "ro",
          "value": "Numai pentru uz intern"
        },
        {
          "localeCode": "sv",
          "value": "Endast för internt bruk"
        },
        {
          "localeCode": "da",
          "value": "Kun til intern brug"
        },
        {
          "localeCode": "tr",
          "value": "Yalnızca Dahili Kullanım"
        },
        {
          "localeCode": "fr",
          "value": "Usage interne uniquement"
        },
        {
          "localeCode": "ja",
          "value": "内部使用項目"
        },
        {
          "localeCode": "cs",
          "value": "Pouze k interním účelům"
        },
        {
          "localeCode": "de",
          "value": "Nur zur internen Verwendung"
        },
        {
          "localeCode": "hu",
          "value": "Csak belső használatra"
        },
        {
          "localeCode": "fi",
          "value": "Vain sisäiseen käyttöön"
        },
        {
          "localeCode": "hr",
          "value": "Samo za internu uporabu"
        },
        {
          "localeCode": "et",
          "value": "Ainult ettevõttesiseseks kasutuseks"
        },
        {
          "localeCode": "lt",
          "value": "Naudoti tik viduje"
        },
        {
          "localeCode": "lv",
          "value": "Tikai iekšējai lietošanai"
        },
        {
          "localeCode": "sk",
          "value": "Len pre interné potreby"
        },
        {
          "localeCode": "es",
          "value": "Solo para uso interno"
        },
        {
          "localeCode": "nl",
          "value": "Alleen voor intern gebruik"
        },
        {
          "localeCode": "pt",
          "value": "Apenas para utilização interna"
        }
      ],
      "entryType": "SECTION",
      "fields": [
        {
          "id": "closed"
        },
        {
          "id": "folder"
        },
        {
          "id": "facebookLinkedAccount"
        },
        {
          "id": "labels"
        },
        {
          "id": "gmbLinkedAccount"
        },
        {
          "id": "facebookParentPageId"
        },
        {
          "id": "googleAccountId"
        },
        {
          "id": "isoRegionCode"
        },
        {
          "id": "deliverListingsWithoutGeocode"
        },
        {
          "id": "timezone"
        }
      ]
    },
    {
      "displayName": "Settings",
      "displayNameTranslations": [
        {
          "localeCode": "it",
          "value": "Impostazioni"
        },
        {
          "localeCode": "pl",
          "value": "Ustawienia"
        },
        {
          "localeCode": "ro",
          "value": "Setări"
        },
        {
          "localeCode": "sv",
          "value": "Inställningar"
        },
        {
          "localeCode": "da",
          "value": "Indstillinger"
        },
        {
          "localeCode": "tr",
          "value": "Ayarlar"
        },
        {
          "localeCode": "fr",
          "value": "Paramètres"
        },
        {
          "localeCode": "ja",
          "value": "設定"
        },
        {
          "localeCode": "cs",
          "value": "Nastavení"
        },
        {
          "localeCode": "de",
          "value": "Einstellungen"
        },
        {
          "localeCode": "hu",
          "value": "Beállítások"
        },
        {
          "localeCode": "fi",
          "value": "Asetukset"
        },
        {
          "localeCode": "hr",
          "value": "Postavke"
        },
        {
          "localeCode": "et",
          "value": "Sätted"
        },
        {
          "localeCode": "lt",
          "value": "Nustatymai"
        },
        {
          "localeCode": "lv",
          "value": "Iestatījumi"
        },
        {
          "localeCode": "sk",
          "value": "Nastavenia"
        },
        {
          "localeCode": "es",
          "value": "Ajustes"
        },
        {
          "localeCode": "nl",
          "value": "Instellingen"
        },
        {
          "localeCode": "pt",
          "value": "Definições"
        }
      ],
      "entryType": "DIVIDER"
    },
    {
      "displayName": "Knowledge Assistant",
      "displayNameTranslations": [
        {
          "localeCode": "tr",
          "value": "Bilgi Asistanı"
        },
        {
          "localeCode": "fr",
          "value": "Assistant Knowledge"
        },
        {
          "localeCode": "ja",
          "value": "ナレッジアシスタント"
        },
        {
          "localeCode": "lt",
          "value": "„Knowledge Assistant“"
        },
        {
          "localeCode": "pt",
          "value": "Assistente de informação"
        }
      ],
      "entryType": "SECTION",
      "fields": [
        {
          "id": "primaryConversationContact"
        },
        {
          "id": "holidayHoursConversationEnabled"
        },
        {
          "id": "reviewResponseConversationEnabled"
        },
        {
          "id": "nudgeEnabled"
        }
      ]
    }
  ]
}