{
  "$id": "branchTemplateTest",
  "$schema": "https://schema.yext.com/config/km/entity-template/v2",
  "content": {
    "c_googleUTM": "?utm_source\u003dgoogle\u0026utm_medium\u003dyext\u0026utm_campaign\u003dyext_referral",
    "categories": null,
    "description": "At Gateway, we weave the knowledge and expertise of our local mortgage professionals together with state-of-the-art technology and the powerful resources of a national company to make your homebuying experience easy, reliable, and fast. Gateway’s focus on strengthening families through homeownership drives our commitment to the communities we serve. Visit www.GatewayLoan.com to learn more.",
    "facebookCallToAction": {
      "type": "LEARN_MORE",
      "value": "[[website.url]]"
    },
    "facebookCoverPhoto": {
      "height": 360,
      "thumbnails": [
        {
          "height": 360,
          "url": "http://a.mktgcdn.com/p/epYKKNxNwyjry_BWUBHFEvOIaDKhVpWWecVZ6zKPFVg/820x360.png",
          "width": 820
        },
        {
          "height": 272,
          "url": "http://a.mktgcdn.com/p/epYKKNxNwyjry_BWUBHFEvOIaDKhVpWWecVZ6zKPFVg/619x272.png",
          "width": 619
        },
        {
          "height": 263,
          "url": "http://a.mktgcdn.com/p/epYKKNxNwyjry_BWUBHFEvOIaDKhVpWWecVZ6zKPFVg/600x263.png",
          "width": 600
        },
        {
          "height": 86,
          "url": "http://a.mktgcdn.com/p/epYKKNxNwyjry_BWUBHFEvOIaDKhVpWWecVZ6zKPFVg/196x86.png",
          "width": 196
        }
      ],
      "url": "http://a.mktgcdn.com/p/epYKKNxNwyjry_BWUBHFEvOIaDKhVpWWecVZ6zKPFVg/820x360.png",
      "width": 820
    },
    "facebookLinkedAccount": null,
    "facebookName": "Gateway Mortgage",
    "facebookParentPageId": "141088722606932",
    "facebookProfilePhoto": {
      "height": 1080,
      "thumbnails": [
        {
          "height": 619,
          "url": "http://a.mktgcdn.com/p/REVdgEFvtTDRndMvX6Kv_TE7Uv_TRnXuaF9C31PRU_Y/619x619.png",
          "width": 619
        },
        {
          "height": 450,
          "url": "http://a.mktgcdn.com/p/REVdgEFvtTDRndMvX6Kv_TE7Uv_TRnXuaF9C31PRU_Y/450x450.png",
          "width": 450
        },
        {
          "height": 196,
          "url": "http://a.mktgcdn.com/p/REVdgEFvtTDRndMvX6Kv_TE7Uv_TRnXuaF9C31PRU_Y/196x196.png",
          "width": 196
        }
      ],
      "url": "http://a.mktgcdn.com/p/REVdgEFvtTDRndMvX6Kv_TE7Uv_TRnXuaF9C31PRU_Y/1080x1080.png",
      "width": 1080
    },
    "featuredMessage": {
      "description": "Apply Now!",
      "url": "https://www.gatewayloan.com/licensing-check"
    },
    "gmbLinkedAccount": null,
    "googleAccountId": "106465598282274804591",
    "googleWebsiteOverride": "[[website.url]][[c_googleUTM]]",
    "hours": {
      "friday": {
        "openIntervals": [
          {
            "end": "17:00",
            "start": "09:00"
          }
        ]
      },
      "monday": {
        "openIntervals": [
          {
            "end": "17:00",
            "start": "09:00"
          }
        ]
      },
      "saturday": {
        "isClosed": true
      },
      "sunday": {
        "isClosed": true
      },
      "thursday": {
        "openIntervals": [
          {
            "end": "17:00",
            "start": "09:00"
          }
        ]
      },
      "tuesday": {
        "openIntervals": [
          {
            "end": "17:00",
            "start": "09:00"
          }
        ]
      },
      "wednesday": {
        "openIntervals": [
          {
            "end": "17:00",
            "start": "09:00"
          }
        ]
      }
    },
    "name": "Gateway Mortgage"
  },
  "entityTypes": [
    "location"
  ],
  "localeCode": "en",
  "name": "branch template - test"
}