{
  "$id": "branchTemplate",
  "$schema": "https://schema.yext.com/config/km/entity-template/v2",
  "content": {
    "c_googleUTM": "?utm_source\u003dgoogle\u0026utm_medium\u003dyext\u0026utm_campaign\u003dyext_referral",
    "categoryIds": [
      "1450365",
      "1718"
    ],
    "description": "At Gateway, we weave the knowledge and expertise of our local mortgage professionals together with state-of-the-art technology and the powerful resources of a national company to make your homebuying experience easy, reliable, and fast. Gateway’s focus on strengthening families through homeownership drives our commitment to the communities we serve. Visit www.GatewayLoan.com to learn more.",
    "facebookCallToAction": {
      "type": "LEARN_MORE",
      "value": "[[website.url]]"
    },
    "facebookCoverPhoto": {
      "height": 360,
      "thumbnails": [
        {
          "height": 360,
          "url": "http://a.mktgcdn.com/p/FxE0HIzlg88FAR1nzjuCis3OtyUrmpUBTv8yBKqm_9o/820x360.png",
          "width": 820
        },
        {
          "height": 272,
          "url": "http://a.mktgcdn.com/p/FxE0HIzlg88FAR1nzjuCis3OtyUrmpUBTv8yBKqm_9o/619x272.png",
          "width": 619
        },
        {
          "height": 263,
          "url": "http://a.mktgcdn.com/p/FxE0HIzlg88FAR1nzjuCis3OtyUrmpUBTv8yBKqm_9o/600x263.png",
          "width": 600
        },
        {
          "height": 86,
          "url": "http://a.mktgcdn.com/p/FxE0HIzlg88FAR1nzjuCis3OtyUrmpUBTv8yBKqm_9o/196x86.png",
          "width": 196
        }
      ],
      "url": "http://a.mktgcdn.com/p/FxE0HIzlg88FAR1nzjuCis3OtyUrmpUBTv8yBKqm_9o/820x360.png",
      "width": 820
    },
    "facebookLinkedAccount": null,
    "facebookName": "Gateway Mortgage",
    "facebookParentPageId": "141088722606932",
    "facebookProfilePhoto": {
      "height": 1080,
      "thumbnails": [
        {
          "height": 619,
          "url": "http://a.mktgcdn.com/p/REVdgEFvtTDRndMvX6Kv_TE7Uv_TRnXuaF9C31PRU_Y/619x619.png",
          "width": 619
        },
        {
          "height": 450,
          "url": "http://a.mktgcdn.com/p/REVdgEFvtTDRndMvX6Kv_TE7Uv_TRnXuaF9C31PRU_Y/450x450.png",
          "width": 450
        },
        {
          "height": 196,
          "url": "http://a.mktgcdn.com/p/REVdgEFvtTDRndMvX6Kv_TE7Uv_TRnXuaF9C31PRU_Y/196x196.png",
          "width": 196
        }
      ],
      "url": "http://a.mktgcdn.com/p/REVdgEFvtTDRndMvX6Kv_TE7Uv_TRnXuaF9C31PRU_Y/1080x1080.png",
      "width": 1080
    },
    "featuredMessage": {
      "description": "Apply Now!",
      "url": "https://www.gatewayfirst.com/mortgage/apply-now"
    },
    "gmbLinkedAccount": null,
    "googleAccountId": "106465598282274804591",
    "googleWebsiteOverride": "[[website.url]][[c_googleUTM]]",
    "hours": {
      "friday": {
        "openIntervals": [
          {
            "end": "17:00",
            "start": "09:00"
          }
        ]
      },
      "monday": {
        "openIntervals": [
          {
            "end": "17:00",
            "start": "09:00"
          }
        ]
      },
      "saturday": {
        "isClosed": true
      },
      "sunday": {
        "isClosed": true
      },
      "thursday": {
        "openIntervals": [
          {
            "end": "17:00",
            "start": "09:00"
          }
        ]
      },
      "tuesday": {
        "openIntervals": [
          {
            "end": "17:00",
            "start": "09:00"
          }
        ]
      },
      "wednesday": {
        "openIntervals": [
          {
            "end": "17:00",
            "start": "09:00"
          }
        ]
      }
    },
    "impressum": "Gateway Mortgage, a division of Gateway First Bank. Member FDIC. Equal Housing Lender. NMLS 7233. All loans subject to program guidelines and final underwriting approval. Contact local mortgage center for details.",
    "logo": {
      "image": {
        "height": 400,
        "thumbnails": [
          {
            "height": 400,
            "url": "http://a.mktgcdn.com/p/IsWF_KhG209OlcrReN5rJwkdXjfp1jEsk1PB1ea4aGA/400x400.png",
            "width": 400
          },
          {
            "height": 150,
            "url": "http://a.mktgcdn.com/p/IsWF_KhG209OlcrReN5rJwkdXjfp1jEsk1PB1ea4aGA/150x150.png",
            "width": 150
          },
          {
            "height": 94,
            "url": "http://a.mktgcdn.com/p/IsWF_KhG209OlcrReN5rJwkdXjfp1jEsk1PB1ea4aGA/94x94.png",
            "width": 94
          }
        ],
        "url": "http://a.mktgcdn.com/p/IsWF_KhG209OlcrReN5rJwkdXjfp1jEsk1PB1ea4aGA/400x400.png",
        "width": 400
      }
    },
    "name": "Gateway Mortgage",
    "photoGallery": [
      {
        "image": {
          "height": 400,
          "thumbnails": [
            {
              "height": 400,
              "url": "http://a.mktgcdn.com/p/IsWF_KhG209OlcrReN5rJwkdXjfp1jEsk1PB1ea4aGA/400x400.png",
              "width": 400
            },
            {
              "height": 196,
              "url": "http://a.mktgcdn.com/p/IsWF_KhG209OlcrReN5rJwkdXjfp1jEsk1PB1ea4aGA/196x196.png",
              "width": 196
            }
          ],
          "url": "http://a.mktgcdn.com/p/IsWF_KhG209OlcrReN5rJwkdXjfp1jEsk1PB1ea4aGA/400x400.png",
          "width": 400
        }
      }
    ]
  },
  "entityTypes": [
    "location"
  ],
  "localeCode": "en",
  "name": "Branch Template"
}